articleId,status,title,postTime,read_type,isNeedFans,isNeedVip,editorType,viewCount,diggCount,collectCount,commentCount
160531498,all_v2,WSL中git status显示大量修改，而Win却clean？status中文乱码？,2026-04-27 09:45:00,public,0,0,1,347,4,7,0
160530939,all_v2,为什么操作系统默认不显示隐藏文件？一篇给普通用户和技术人的说明,2026-04-26 18:14:11,public,0,0,1,478,13,11,0
160530493,all_v2,一行命令修复 WSL 中 VS Code 报 `Exec format error`,2026-04-26 17:57:59,public,0,0,1,383,10,11,0
160481567,all_v2,从零到可用：在手机上用 Termux + Git + Obsidian 打造稳定同步环境（踩坑全记录）,2026-04-24 21:59:31,public,0,0,1,889,29,14,0
160481211,all_v2,Termux 完整安装与配置指南（2026.4.24最新版，从零到可用）,2026-04-24 21:17:50,public,0,0,1,2329,18,18,0
160418614,all_v2,白嫖计划之LongCat一日体验,2026-04-22 21:40:11,public,0,0,1,618,13,9,0
160414068,all_v2,解密Win11的Win+S搜索：从索引原理到自启动的攻防战,2026-04-22 18:31:14,public,0,0,1,338,13,12,0
160345363,all_v2,把图片压小，但不糊：reduceUrImgs项目关键点拆解,2026-04-20 21:51:06,public,0,0,1,516,11,8,0
160311158,all_v2,用Nginx部署前端是为了解决跨域？那你就错了！,2026-04-20 15:08:26,read_need_fans,1,0,1,285,8,5,0
160189193,all_v2,Python 依赖管理新宠：为什么说 uv 比 pip 快 100 倍？,2026-04-19 00:49:20,public,0,0,1,569,13,12,0
160289335,all_v2,docker中的容器一定要端口映射？我看未必。,2026-04-19 00:47:10,public,0,0,1,380,9,6,0
160189001,all_v2,实习生的 Git 生存指南：从 clone 到上线，一个干净的工作流就够了,2026-04-15 18:28:25,public,0,0,1,498,15,5,0
160188483,all_v2,开源项目二开为何推荐使用 `git clone --depth 1`？,2026-04-15 18:01:19,public,0,0,1,388,6,5,0
158977570,all_v2,执行docker命令时自动启动Docker Desktop？一个小工具让开发体验更丝滑,2026-03-12 21:04:49,public,0,0,1,508,9,7,0
158973798,all_v2,Git大小写陷阱：当README.md遇上readme.md,2026-03-12 19:06:44,public,0,0,1,255,8,5,1
158424351,all_v2,告别离线！为Claude Code装上联网搜索的三种姿势（Tavily真香）,2026-02-26 14:52:32,public,0,0,1,5781,30,17,0
152517446,all_v2,一起来定制化你的命令行样式~（附命令行超有用知识！,2025-10-04 21:24:12,public,0,0,1,393,5,7,0
152514476,all_v2,一文讲通JS普通函数与箭头函数的区别,2025-10-04 16:24:35,public,0,0,1,961,12,12,0
152513887,all_v2,一文讲通跨域,2025-10-04 15:35:35,public,0,0,1,703,15,11,0
151973023,all_v2,DOM 节点属性完全指南：从基础操作到内核原理,2025-09-22 21:13:52,public,0,0,1,1796,34,25,0
151972553,all_v2,DOM的导航属性、元素(Element)与结点(Node),2025-09-22 20:48:02,public,0,0,1,847,21,7,0
151374987,all_v2,大家不要再给中文路径了。并且一定要看报错和弹窗信息。,2025-09-20 17:02:25,read_need_fans,1,0,1,361,2,4,0
151900363,all_v2,别再乱用模版字符串了！JavaScript对象转换的隐藏陷阱,2025-09-20 16:36:25,public,0,0,1,880,28,9,0
151123393,all_v2,Stop-Process : 由于以下错误而无法停止进程“redis-server (26392)”: 拒绝访问。,2025-09-02 23:35:02,public,0,0,1,206,3,0,0
151123329,all_v2,windows中使用cmd/powershell查杀进程,2025-09-02 23:24:39,public,0,0,1,538,14,3,0
151073833,all_v2,"File “D:\Python310\lib\os.py“,line 225,in makedirs mkdir(name,mode) OSError:[winError 123]文件名、目录名或卷标",2025-09-01 16:06:56,read_need_fans,1,0,1,208,2,0,0
151073370,all_v2,Python os.makedirs 报错：OSError: [WinError 123] 文件名、目录名或卷标语法不正确 的解决方案,2025-09-01 16:01:42,public,0,0,1,808,9,7,0
148978574,all_v2,回调函数、作用域与闭包：从图片预览案例深入理解,2025-06-28 17:19:45,read_need_fans,1,0,1,1094,27,16,0
148962301,all_v2,定位元素如何实现对父元素垂直居中？,2025-06-27 23:12:39,public,0,0,1,158,4,0,0
148962177,all_v2,为什么body{height:100%}会有滚动条？,2025-06-27 23:06:18,read_need_fans,1,0,1,613,11,6,0
148800101,all_v2,word中如何快速打出上标？,2025-06-24 23:21:01,public,0,0,1,7377,7,7,0
148881425,all_v2,如何使typora图片不居中留白？,2025-06-24 23:19:25,read_need_fans,1,0,1,412,16,2,1
148800036,all_v2,论文引用文献处必须完全粘贴吗？,2025-06-20 21:51:36,public,0,0,1,3092,8,9,0
148799911,all_v2,课程论文参考文献必须使用知网能检索到的吗？,2025-06-20 21:46:17,public,0,0,1,2499,5,9,0
148750842,all_v2,Git中新创建分支是否为空？这可得视情况而定！,2025-06-18 23:21:12,read_need_fans,1,0,1,661,9,8,0
148750674,all_v2,使用everything搜索U盘内容（步骤记录版）,2025-06-18 23:14:33,public,0,0,1,3425,31,15,0
148617188,all_v2,深度解析Git错误：`fatal: detected dubious ownership in repository` 的根源与解决方案,2025-06-12 19:42:05,read_need_fans,1,0,1,1549,8,24,0
148567157,all_v2,微信电脑版使用电脑浏览器打开网址,2025-06-10 20:12:17,public,0,0,1,1195,3,0,0
148545918,all_v2,微信和QQ的QQ邮箱提醒功能开了没作用,2025-06-10 00:32:46,public,0,0,1,4267,10,7,0
147906692,all_v2,自主添加删除开机启动项,2025-05-12 23:42:22,read_need_fans,1,0,1,1065,8,5,0
147904404,all_v2,charles抓包面板全空，别慌，可能是这个问题...,2025-05-12 21:07:30,public,0,0,1,632,4,8,0
147723453,all_v2,te: mongo instance overdue at success (http://localhost:5173/@fs/D:/urfolder/HBuilderX/plugins/xxx,2025-05-05 21:55:00,public,0,0,1,161,2,0,0
146718757,all_v2,python使用enumerate实现指定元素移除,2025-03-30 07:45:00,public,0,0,1,302,9,0,0
146717988,all_v2,python排序解决数组最大次大乘积,2025-03-30 07:30:00,public,0,0,1,165,3,0,0
146447482,all_v2,一文讲清JS中false值那些事儿：从类型转换到实战避坑指南,2025-03-22 22:05:55,read_need_fans,1,0,1,969,24,17,0
146447379,all_v2,秒记JS中的那些false值,2025-03-22 21:59:44,public,0,0,1,160,1,0,0
146430773,all_v2,深度解析：JavaScript变量声明的演变与核心差异（var/let/隐式声明）,2025-03-21 22:51:09,read_need_fans,1,0,1,739,10,15,1
146430291,all_v2,JS中数组+数组你应该知道的方法,2025-03-21 22:49:27,public,0,0,1,371,7,0,0
146280892,all_v2,一文弄懂rpx单位：UI设计与前端开发的双重视角,2025-03-15 16:12:45,public,0,0,1,1678,14,6,0
146164325,all_v2,教你一招快速打开命令行,2025-03-10 21:17:18,public,0,0,1,272,4,1,0
146163730,all_v2,命令行就是cmd？PowerShell面前cmd就是弟弟？,2025-03-10 21:09:24,read_need_fans,1,0,1,680,9,8,0
145967191,all_v2,Python位运算：解锁编程中的“二进制魔法”,2025-03-02 18:11:34,read_need_fans,1,0,1,964,6,8,0
145445122,all_v2,惰性函数【Ⅱ】《事件绑定的自我修养：从青铜到王者的进化之路》,2025-02-04 21:45:19,read_need_fans,1,0,1,748,19,4,0
145445016,all_v2,惰性函数【Ⅰ】《函数界的变形记：代码世界的曼德拉草》,2025-02-04 21:32:54,read_need_fans,1,0,1,527,8,9,0
145424871,all_v2,构建交互式购物车 - DOM操作进阶实战,2025-02-02 23:58:48,private,0,0,1,1,0,0,0
145424843,all_v2,使用DOM实现动态任务列表 - Web前端开发实战案例,2025-02-02 23:55:29,private,0,0,1,2,0,0,0
145373824,all_v2,html css js关于random函数的动态随机验证码案例（待调整）,2025-02-01 23:58:50,private,0,0,1,23,0,0,0
144065892,all_v2,记录一次论文撰写中遇到的问题,2025-02-01 23:56:41,private,0,0,0,71,1,0,0
145401789,all_v2,DOM操作中childNodes与children的差异及封装方案,2025-01-30 23:43:08,read_need_fans,1,0,1,1096,30,10,1
144013592,all_v2,小白爬虫冒险之反“反爬”：无限debugger、禁用开发者工具、干扰控制台...（持续更新）,2025-01-29 23:58:06,read_need_fans,1,0,1,2543,18,11,2
145372419,all_v2,小白一命速通JS中的window&global对象,2025-01-29 23:56:21,read_need_fans,1,0,1,979,5,6,0
145388490,all_v2,数组at()方法：负索引的救赎与JavaScript标准化之路,2025-01-28 19:10:17,read_need_fans,1,0,1,1401,31,25,0
145388342,all_v2,JavaScript逆向高阶指南：突破基础，掌握核心逆向技术,2025-01-28 18:26:04,public,0,0,1,1649,7,5,0
145388247,all_v2,JavaScript反爬技术解析与应对,2025-01-28 18:08:04,read_need_fans,1,0,1,2903,15,20,0
145384254,all_v2,JS中的Date()操作与易错点,2025-01-28 05:30:00,public,0,0,1,1744,26,11,0
145384216,all_v2,JS中对数组的操作哪些会改变原数组哪些不会？今天你一定要记下！,2025-01-28 00:08:33,public,0,0,1,702,6,4,0
145381941,all_v2,BOM对象location与数组操作结合——查询串提取案例,2025-01-27 20:00:01,public,0,0,1,1370,41,8,0
145381628,all_v2,为什么在 JavaScript 中负索引不能用于数组访问，但却支持 `slice` 等操作？,2025-01-27 18:50:37,public,0,0,1,1129,17,28,0
145380982,all_v2,URL?URI??今天你一定要弄懂！！！（一命速通url&uri encodeURIComponent&decodeURIComponent）,2025-01-27 17:10:35,public,0,0,1,1225,17,16,0
145360045,all_v2,JS中的sort()数字排序不生效？--关于ascii那些事儿,2025-01-27 00:33:28,public,0,0,1,1131,19,20,0
145359911,all_v2,深入了解JS中的charCodeAt()方法,2025-01-27 00:32:08,public,0,0,1,1367,21,20,0
145359666,all_v2,push&pop or shift&unshift,2025-01-26 00:18:10,public,0,0,1,870,29,21,0
145359566,all_v2,大侠，你真的了解JS中的toString&toLocaleString方法吗？,2025-01-26 00:14:13,public,0,0,1,539,8,6,0
145359472,all_v2,深入理解 JavaScript 对象字面量：创建对象的简洁方法,2025-01-25 21:42:52,public,0,0,1,641,4,9,0
145359293,all_v2,速通JS中的函数作用域与全局污染,2025-01-25 21:26:53,public,0,0,1,936,13,16,0
144591459,all_v2,Python中实现排列数与组合数的计算,2024-12-21 17:56:29,public,0,0,1,1546,5,11,0
144591434,all_v2,Python中实现对数字字符串按位求和——sum()&map(),2024-12-21 17:55:50,public,0,0,1,963,16,5,0
144620304,all_v2,Python虚拟环境那些事儿（一文读懂）,2024-12-20 21:45:13,public,0,0,1,851,25,16,0
144618431,all_v2,隐藏文件夹命名规则：程序员必知的文件夹可见性模式,2024-12-20 19:58:01,public,0,0,1,1398,23,8,0
144591345,all_v2,Python十进制转任意进制（2-16）函数详解,2024-12-19 17:55:53,public,0,0,1,591,4,7,0
144591188,all_v2,Python中的进制转换方法,2024-12-19 17:52:11,public,0,0,1,2002,14,9,0
143487796,all_v2,response.encoding = ‘utf-8‘不生效？,2024-12-03 19:14:53,public,0,0,1,795,16,1,1
143985268,all_v2,小白新手村小boss之妖怪现出“原型”：JS晦涩难懂的原型与原型链（2）,2024-12-03 19:11:23,public,0,0,1,453,5,4,0
143985246,all_v2,小白新手村小boss之妖怪现出“原型”：JS晦涩难懂的原型与原型链（1）,2024-12-02 20:10:58,public,0,0,1,553,9,5,0
143985128,all_v2,小白初出茅庐之“功夫再高，也怕菜刀”：eval“加密”代码混淆,2024-12-02 20:08:02,public,0,0,1,412,7,3,0
144121170,all_v2,深入理解 Axios 拦截器的执行链机制,2024-11-29 07:00:00,public,0,0,1,2167,27,28,0
144121042,all_v2,解决 Python 调用 execjs 时的编码问题：Subprocess 的正确打开方式,2024-11-29 05:30:00,public,0,0,1,934,25,11,0
143985085,all_v2,小白新手村冒险之对象传递：对象的JSON序列化,2024-11-28 06:00:00,public,0,0,1,579,3,7,0
144097570,all_v2,小白勇闯冒险岛之【AES加密算法】,2024-11-28 05:30:00,public,0,0,1,1253,37,12,0
143985011,all_v2,小白新手村冒险之“烤”json串,2024-11-27 17:52:10,public,0,0,1,795,16,6,0
143984976,all_v2,“找对象的三种方式”：JS对象类型与创建,2024-11-27 17:51:11,public,0,0,1,462,4,3,0
143984801,all_v2,傻傻分不清楚的变量声明之var与let：JavaScript变量声明的演变,2024-11-26 06:15:00,public,0,0,1,479,5,6,0
143984845,all_v2,JS中熟悉又陌生的概念之闭包：JavaScript中的秘密武器,2024-11-26 06:00:00,public,0,0,1,356,12,2,0
143984667,all_v2,JavaScript匿名函数——三剑客初出茅庐，鏖战anonymous func,2024-11-25 06:30:00,public,0,0,1,685,13,4,0
143984716,all_v2,Webpack中的匿名函数艺术：模块打包与异步加载的隐秘力量,2024-11-25 06:30:00,public,0,0,1,934,11,15,0
143984399,all_v2,工欲善其事，必先利其器；爬虫路上，我用抓包,2024-11-22 22:53:20,public,0,0,1,926,4,4,0
143956242,all_v2,atob()为啥明明表示base64toASCII却叫atob？(2),2024-11-21 22:26:12,public,0,0,0,621,4,7,0
143956079,all_v2,atob()为啥明明表示base64toASCII却叫atob？(1),2024-11-21 22:09:55,public,0,0,0,516,1,0,0
143955697,all_v2,防盗链，防“盗链”非“防盗”链,2024-11-21 21:51:42,public,0,0,0,905,10,0,0
143862845,all_v2,科普：为什么电脑软件字体小？如何通过属性修改DPI解决？——电脑软件界面字太小「解决方案」,2024-11-18 17:50:11,public,0,0,1,5378,12,18,1
143652435,all_v2,深入理解 URL 编码和 Base64 编码：从原理到实践,2024-11-09 22:31:18,read_need_fans,1,0,1,2582,14,29,0
143652248,all_v2,md5等摘要算法的「撞库」与「加盐」（Ⅱ）,2024-11-09 22:15:45,public,0,0,1,960,13,20,0
143652066,all_v2,md5等摘要算法的「撞库」与「加盐」（Ⅰ）,2024-11-09 22:10:38,public,0,0,1,1283,13,10,0
143457067,all_v2,人工智能如何改变未来生活：从医疗到日常的全面升级,2024-11-02 21:46:05,public,0,0,1,942,11,18,0
143456902,all_v2,大学新生入门编程的最佳选择：为什么我推荐Python？,2024-11-02 21:37:13,public,0,0,1,888,16,7,0
143452019,all_v2,数据库密码哈希存储,2024-11-02 16:00:10,public,0,0,1,908,10,4,0
143451839,all_v2,如何用 PHP + MySQL 实现用户登录与注册系统（附详细代码）,2024-11-02 15:56:29,public,0,0,1,1791,19,9,0
143418319,all_v2,【解决方案】用git reset --hard重置了提交但是发现reset了一些本不该reset的内容，是不是寄了?,2024-10-31 21:55:19,public,0,0,1,819,15,3,3
143417852,all_v2,git add你真的用明白了吗？你还在无脑git add .?进入暂存区啥意思？,2024-10-31 21:26:36,public,0,0,1,408,4,5,0
143417575,all_v2,git commit应遵循的提交规范,2024-10-31 21:15:14,public,0,0,1,1398,14,9,0
143352337,all_v2,被上传文件于后端的命名策略,2024-10-29 23:23:43,public,0,0,1,1680,25,16,0
143316888,all_v2,前端上传的文件资源应该存在后端哪？,2024-10-29 00:39:28,public,0,0,1,1434,6,10,0
143285229,all_v2,脱离文本流之后z-index失效,2024-10-28 10:31:39,public,0,0,0,558,5,3,0
143277360,all_v2,Intersection Observer 实现图片懒加载,2024-10-28 00:07:47,public,0,0,1,896,11,4,2
143275961,all_v2,前端实现回到顶部且平滑过渡 CSS/JS,2024-10-27 22:24:41,public,0,0,1,1771,9,12,5
142796416,all_v2,error.ts:14 ElementPlusError: [ElPagination] 你使用了一些已被废弃的用法，请参考 el-pagination 的官方文档,2024-10-09 21:03:34,public,0,0,0,804,6,0,0
142472479,all_v2,FormData请求？有效载荷请求？——辨析,2024-09-24 02:21:30,public,0,0,1,892,10,9,1
142407415,all_v2,‘vite‘ 不是内部或外部命令，也不是可运行的程序或批处理文件。 —— 本地有vite环境但却跑不起项目？,2024-09-20 23:13:36,public,0,0,1,1965,12,17,1
142153761,all_v2,localStorage的清除 —— 前端碎片,2024-09-12 00:33:30,public,0,0,1,3395,13,7,0
141940635,all_v2,encodeURIComponent --js逆向常用函数,2024-09-05 21:00:39,public,0,0,1,1706,11,3,0
141906199,all_v2,npm i安装依赖缓慢的外部原因 -- Install fail! Error: EISDIR？,2024-09-04 23:15:34,public,0,0,1,1002,17,9,0
141896339,all_v2,npm install OR npm i ??,2024-09-04 16:00:00,public,0,0,1,710,13,3,0
141531370,all_v2,前端图片懒加载,2024-08-25 16:58:23,public,0,0,0,388,4,1,0
141530746,all_v2,repr(obj) -- 揭开对象真面目,2024-08-25 16:19:56,public,0,0,0,687,10,5,0
141530219,all_v2,response.??? -- 关于python requests库的返回数据,2024-08-25 15:52:15,public,0,0,0,1506,11,7,0
141365093,all_v2,一篇搞定vue3基础（持续更新）,2024-08-20 18:13:56,public,0,0,1,976,17,6,0
141352913,all_v2,git远程托管/团队协作 --学习笔记（持续更新）,2024-08-20 11:38:06,public,0,0,1,602,9,7,0
141297189,all_v2,git的安装和基本使用--学习笔记,2024-08-18 21:37:43,public,0,0,0,686,28,12,0
141292243,all_v2,UnicodeDecodeError: ‘gbk‘ codec can‘t decode byte 0xaf...--web逆向execjs读取js文件报错,2024-08-18 10:25:55,public,0,0,0,747,12,5,0
141220022,all_v2,"｛“code“:“401“,“message“:“身份授权失败“...}--爬虫返回401真的是身份授权失败吗？",2024-08-15 14:20:30,public,0,0,0,2307,9,4,0
141069402,all_v2,json.decoder.JSONDecodeError: Extra data--JS逆向AES加密算法解密后转python对象报错,2024-08-09 19:15:45,public,0,0,0,688,12,2,0
140419632,all_v2,bat批处理文件执行一闪而过问题,2024-07-14 17:17:47,public,0,0,0,784,2,0,0
140419604,all_v2,‘銆€銆€echo‘ 不是内部或外部命令，也不是可运行的程序-bat文件-Windows批命令执行失败,2024-07-14 17:16:25,public,0,0,0,553,2,0,0
160289189,draft,docker中的容器一定要端口映射？我看未必。,2026-04-19 00:21:41,public,0,0,1,0,0,0,0
160188266,draft,【无标题】,2026-04-15 17:40:20,public,0,0,1,0,0,0,0
152520754,draft,【无标题】,2025-10-04 21:55:04,public,0,0,1,0,0,0,0
151973721,draft,深入理解 DOM：Attribute 与 Property 的奥秘,2025-09-22 21:50:23,public,0,0,1,0,0,0,0
151366439,draft,vscode中.py脚本写入文件成功但找不到,2025-09-09 17:25:01,public,0,0,1,0,0,0,0
151147496,draft,命令行设置,2025-09-03 13:40:00,public,0,0,1,0,0,0,0
151123282,draft,【无标题】,2025-09-02 23:16:04,public,0,0,1,0,0,0,0
151072852,draft,"File “D:\Python310\lib\os.py“,line 225,in makedirs mkdir(name,mode) OSError:[winError 123]文件名、目录名...",2025-09-01 15:48:09,public,0,0,1,0,0,0,0
148996941,draft,Windows 11 GIF录制解决方案,2025-07-01 22:58:14,public,0,0,1,0,0,0,0
148997011,draft,前端必备：深入理解 encodeURIComponent() 和 decodeURIComponent(),2025-07-01 22:49:19,public,0,0,1,0,0,0,0
148996932,draft,图片铺满容器的 CSS 实现方法,2025-06-29 13:30:57,public,0,0,1,0,0,0,0
148996906,draft,CSS外边距塌陷现象,2025-06-29 13:28:53,public,0,0,1,0,0,0,0
148996874,draft,CSS 变量（自定义属性）详解,2025-06-29 13:27:47,public,0,0,1,0,0,0,0
147907441,draft,驻波与skypee病毒的故事..,2025-05-12 23:52:18,public,0,0,1,0,0,0,0
146718918,draft,Python中简洁高效的列表去重方案,2025-03-30 01:01:09,public,0,0,1,0,0,0,0
146581164,draft,word一键修改所有图片尺寸,2025-03-27 23:59:16,public,0,0,1,0,0,0,0
146465568,draft,uniapp在微信开发者工具中允许必须有网络支持,2025-03-24 01:33:19,public,0,0,1,0,0,0,0
146465386,draft,css内导入css和scss,2025-03-24 00:58:17,public,0,0,1,0,0,0,0
146465312,draft,消除white-space,2025-03-24 00:47:10,public,0,0,1,0,0,0,0
145425412,draft,前端摸鱼小天才的绝技：惰性函数,2025-02-03 02:21:00,public,0,0,1,0,0,0,0
145372212,draft,JS中的Date()操作与易错点,2025-01-26 21:54:34,public,0,0,1,0,0,0,0
145360540,draft,JS中对数组的操作哪些会改变原数组哪些不会？,2025-01-25 23:36:33,public,0,0,1,0,0,0,0
144144268,draft,【无标题】,2024-11-29 19:30:11,public,0,0,1,0,0,0,0
144144251,draft,【无标题】,2024-11-29 19:29:05,public,0,0,0,0,0,0,0
144066075,draft,学习通文本框规范论文格式,2024-11-26 19:12:02,public,0,0,0,0,0,0,0
143977368,draft,JavaScript匿名函数——三剑客初出茅庐，鏖战anonymous func,2024-11-22 17:08:13,public,0,0,0,0,0,0,0
143419216,draft,git基础操作流程,2024-10-31 22:35:41,public,0,0,1,0,0,0,0
143136005,draft,formData请求载荷的接口测试,2024-10-21 23:28:59,public,0,0,1,0,0,0,0
143079230,draft,idea一直solving the dependencies,2024-10-19 15:27:49,public,0,0,0,0,0,0,0
142835502,draft,父组件与子组件el-dialog之间的通信 -- 组件双向通信,2024-10-11 01:06:19,public,0,0,0,0,0,0,0
142153946,draft,useRouter报错没有导出签名,2024-09-12 00:45:57,public,0,0,0,0,0,0,0
141503911,draft,pycharm解决Unresolved function or method require(),2024-08-24 19:47:05,public,0,0,0,0,0,0,0
141394583,draft,npm run dev保错,2024-08-21 15:16:22,public,0,0,0,0,0,0,0
