articleId,list_status,bucket,title,read_type,isNeedFans,isNeedVip,isVipArticle,status
160531498,all_v2,已发布/公开,WSL中git status显示大量修改，而Win却clean？status中文乱码？,public,0,0,False,1
160530939,all_v2,已发布/公开,为什么操作系统默认不显示隐藏文件？一篇给普通用户和技术人的说明,public,0,0,False,1
160530493,all_v2,已发布/公开,一行命令修复 WSL 中 VS Code 报 `Exec format error`,public,0,0,False,1
160481567,all_v2,已发布/公开,从零到可用：在手机上用 Termux + Git + Obsidian 打造稳定同步环境（踩坑全记录）,public,0,0,False,1
160481211,all_v2,已发布/公开,Termux 完整安装与配置指南（2026.4.24最新版，从零到可用）,public,0,0,False,1
160418614,all_v2,已发布/公开,白嫖计划之LongCat一日体验,public,0,0,False,1
160414068,all_v2,已发布/公开,解密Win11的Win+S搜索：从索引原理到自启动的攻防战,public,0,0,False,1
160345363,all_v2,已发布/公开,把图片压小，但不糊：reduceUrImgs项目关键点拆解,public,0,0,False,1
160311158,all_v2,已发布/粉丝可见,用Nginx部署前端是为了解决跨域？那你就错了！,read_need_fans,1,0,False,1
160189193,all_v2,已发布/公开,Python 依赖管理新宠：为什么说 uv 比 pip 快 100 倍？,public,0,0,False,1
160289335,all_v2,已发布/公开,docker中的容器一定要端口映射？我看未必。,public,0,0,False,1
160189001,all_v2,已发布/公开,实习生的 Git 生存指南：从 clone 到上线，一个干净的工作流就够了,public,0,0,False,1
160188483,all_v2,已发布/公开,开源项目二开为何推荐使用 `git clone --depth 1`？,public,0,0,False,1
158977570,all_v2,已发布/公开,执行docker命令时自动启动Docker Desktop？一个小工具让开发体验更丝滑,public,0,0,False,1
158973798,all_v2,已发布/公开,Git大小写陷阱：当README.md遇上readme.md,public,0,0,False,1
158424351,all_v2,已发布/公开,告别离线！为Claude Code装上联网搜索的三种姿势（Tavily真香）,public,0,0,False,1
152517446,all_v2,已发布/公开,一起来定制化你的命令行样式~（附命令行超有用知识！,public,0,0,False,1
152514476,all_v2,已发布/公开,一文讲通JS普通函数与箭头函数的区别,public,0,0,False,1
152513887,all_v2,已发布/公开,一文讲通跨域,public,0,0,False,1
151973023,all_v2,已发布/公开,DOM 节点属性完全指南：从基础操作到内核原理,public,0,0,False,1
151972553,all_v2,已发布/公开,DOM的导航属性、元素(Element)与结点(Node),public,0,0,False,1
151374987,all_v2,已发布/粉丝可见,大家不要再给中文路径了。并且一定要看报错和弹窗信息。,read_need_fans,1,0,False,1
151900363,all_v2,已发布/公开,别再乱用模版字符串了！JavaScript对象转换的隐藏陷阱,public,0,0,False,1
151123393,all_v2,已发布/公开,Stop-Process : 由于以下错误而无法停止进程“redis-server (26392)”: 拒绝访问。,public,0,0,False,1
151123329,all_v2,已发布/公开,windows中使用cmd/powershell查杀进程,public,0,0,False,1
151073833,all_v2,已发布/粉丝可见,"File “D:\Python310\lib\os.py“,line 225,in makedirs mkdir(name,mode) OSError:[winError 123]文件名、目录名或卷标",read_need_fans,1,0,False,1
151073370,all_v2,已发布/公开,Python os.makedirs 报错：OSError: [WinError 123] 文件名、目录名或卷标语法不正确 的解决方案,public,0,0,False,1
148978574,all_v2,已发布/粉丝可见,回调函数、作用域与闭包：从图片预览案例深入理解,read_need_fans,1,0,False,1
148962301,all_v2,已发布/公开,定位元素如何实现对父元素垂直居中？,public,0,0,False,1
148962177,all_v2,已发布/粉丝可见,为什么body{height:100%}会有滚动条？,read_need_fans,1,0,False,1
148800101,all_v2,已发布/公开,word中如何快速打出上标？,public,0,0,False,1
148881425,all_v2,已发布/粉丝可见,如何使typora图片不居中留白？,read_need_fans,1,0,False,1
148800036,all_v2,已发布/公开,论文引用文献处必须完全粘贴吗？,public,0,0,False,1
148799911,all_v2,已发布/公开,课程论文参考文献必须使用知网能检索到的吗？,public,0,0,False,1
148750842,all_v2,已发布/粉丝可见,Git中新创建分支是否为空？这可得视情况而定！,read_need_fans,1,0,False,1
148750674,all_v2,已发布/公开,使用everything搜索U盘内容（步骤记录版）,public,0,0,False,1
148617188,all_v2,已发布/粉丝可见,深度解析Git错误：`fatal: detected dubious ownership in repository` 的根源与解决方案,read_need_fans,1,0,False,1
148567157,all_v2,已发布/公开,微信电脑版使用电脑浏览器打开网址,public,0,0,False,1
148545918,all_v2,已发布/公开,微信和QQ的QQ邮箱提醒功能开了没作用,public,0,0,False,1
147906692,all_v2,已发布/粉丝可见,自主添加删除开机启动项,read_need_fans,1,0,False,1
147904404,all_v2,已发布/公开,charles抓包面板全空，别慌，可能是这个问题...,public,0,0,False,1
147723453,all_v2,已发布/公开,te: mongo instance overdue at success (http://localhost:5173/@fs/D:/urfolder/HBuilderX/plugins/xxx,public,0,0,False,1
146718757,all_v2,已发布/公开,python使用enumerate实现指定元素移除,public,0,0,False,1
146717988,all_v2,已发布/公开,python排序解决数组最大次大乘积,public,0,0,False,1
146447482,all_v2,已发布/粉丝可见,一文讲清JS中false值那些事儿：从类型转换到实战避坑指南,read_need_fans,1,0,False,1
146447379,all_v2,已发布/公开,秒记JS中的那些false值,public,0,0,False,1
146430773,all_v2,已发布/粉丝可见,深度解析：JavaScript变量声明的演变与核心差异（var/let/隐式声明）,read_need_fans,1,0,False,1
146430291,all_v2,已发布/公开,JS中数组+数组你应该知道的方法,public,0,0,False,1
146280892,all_v2,已发布/公开,一文弄懂rpx单位：UI设计与前端开发的双重视角,public,0,0,False,1
146164325,all_v2,已发布/公开,教你一招快速打开命令行,public,0,0,False,1
146163730,all_v2,已发布/粉丝可见,命令行就是cmd？PowerShell面前cmd就是弟弟？,read_need_fans,1,0,False,1
145967191,all_v2,已发布/粉丝可见,Python位运算：解锁编程中的“二进制魔法”,read_need_fans,1,0,False,1
145445122,all_v2,已发布/粉丝可见,惰性函数【Ⅱ】《事件绑定的自我修养：从青铜到王者的进化之路》,read_need_fans,1,0,False,1
145445016,all_v2,已发布/粉丝可见,惰性函数【Ⅰ】《函数界的变形记：代码世界的曼德拉草》,read_need_fans,1,0,False,1
145424871,all_v2,已发布/私密,构建交互式购物车 - DOM操作进阶实战,private,0,0,False,64
145424843,all_v2,已发布/私密,使用DOM实现动态任务列表 - Web前端开发实战案例,private,0,0,False,64
145373824,all_v2,已发布/私密,html css js关于random函数的动态随机验证码案例（待调整）,private,0,0,False,64
144065892,all_v2,已发布/私密,记录一次论文撰写中遇到的问题,private,0,0,False,64
145401789,all_v2,已发布/粉丝可见,DOM操作中childNodes与children的差异及封装方案,read_need_fans,1,0,False,1
144013592,all_v2,已发布/粉丝可见,小白爬虫冒险之反“反爬”：无限debugger、禁用开发者工具、干扰控制台...（持续更新）,read_need_fans,1,0,False,1
145372419,all_v2,已发布/粉丝可见,小白一命速通JS中的window&global对象,read_need_fans,1,0,False,1
145388490,all_v2,已发布/粉丝可见,数组at()方法：负索引的救赎与JavaScript标准化之路,read_need_fans,1,0,False,1
145388342,all_v2,已发布/公开,JavaScript逆向高阶指南：突破基础，掌握核心逆向技术,public,0,0,False,1
145388247,all_v2,已发布/粉丝可见,JavaScript反爬技术解析与应对,read_need_fans,1,0,False,1
145384254,all_v2,已发布/公开,JS中的Date()操作与易错点,public,0,0,False,1
145384216,all_v2,已发布/公开,JS中对数组的操作哪些会改变原数组哪些不会？今天你一定要记下！,public,0,0,False,1
145381941,all_v2,已发布/公开,BOM对象location与数组操作结合——查询串提取案例,public,0,0,False,1
145381628,all_v2,已发布/公开,为什么在 JavaScript 中负索引不能用于数组访问，但却支持 `slice` 等操作？,public,0,0,False,1
145380982,all_v2,已发布/公开,URL?URI??今天你一定要弄懂！！！（一命速通url&uri encodeURIComponent&decodeURIComponent）,public,0,0,False,1
145360045,all_v2,已发布/公开,JS中的sort()数字排序不生效？--关于ascii那些事儿,public,0,0,False,1
145359911,all_v2,已发布/公开,深入了解JS中的charCodeAt()方法,public,0,0,False,1
145359666,all_v2,已发布/公开,push&pop or shift&unshift,public,0,0,False,1
145359566,all_v2,已发布/公开,大侠，你真的了解JS中的toString&toLocaleString方法吗？,public,0,0,False,1
145359472,all_v2,已发布/公开,深入理解 JavaScript 对象字面量：创建对象的简洁方法,public,0,0,False,1
145359293,all_v2,已发布/公开,速通JS中的函数作用域与全局污染,public,0,0,False,1
144591459,all_v2,已发布/公开,Python中实现排列数与组合数的计算,public,0,0,False,1
144591434,all_v2,已发布/公开,Python中实现对数字字符串按位求和——sum()&map(),public,0,0,False,1
144620304,all_v2,已发布/公开,Python虚拟环境那些事儿（一文读懂）,public,0,0,False,1
144618431,all_v2,已发布/公开,隐藏文件夹命名规则：程序员必知的文件夹可见性模式,public,0,0,False,1
144591345,all_v2,已发布/公开,Python十进制转任意进制（2-16）函数详解,public,0,0,False,1
144591188,all_v2,已发布/公开,Python中的进制转换方法,public,0,0,False,1
143487796,all_v2,已发布/公开,response.encoding = ‘utf-8‘不生效？,public,0,0,False,1
143985268,all_v2,已发布/公开,小白新手村小boss之妖怪现出“原型”：JS晦涩难懂的原型与原型链（2）,public,0,0,False,1
143985246,all_v2,已发布/公开,小白新手村小boss之妖怪现出“原型”：JS晦涩难懂的原型与原型链（1）,public,0,0,False,1
143985128,all_v2,已发布/公开,小白初出茅庐之“功夫再高，也怕菜刀”：eval“加密”代码混淆,public,0,0,False,1
144121170,all_v2,已发布/公开,深入理解 Axios 拦截器的执行链机制,public,0,0,False,1
144121042,all_v2,已发布/公开,解决 Python 调用 execjs 时的编码问题：Subprocess 的正确打开方式,public,0,0,False,1
143985085,all_v2,已发布/公开,小白新手村冒险之对象传递：对象的JSON序列化,public,0,0,False,1
144097570,all_v2,已发布/公开,小白勇闯冒险岛之【AES加密算法】,public,0,0,False,1
143985011,all_v2,已发布/公开,小白新手村冒险之“烤”json串,public,0,0,False,1
143984976,all_v2,已发布/公开,“找对象的三种方式”：JS对象类型与创建,public,0,0,False,1
143984801,all_v2,已发布/公开,傻傻分不清楚的变量声明之var与let：JavaScript变量声明的演变,public,0,0,False,1
143984845,all_v2,已发布/公开,JS中熟悉又陌生的概念之闭包：JavaScript中的秘密武器,public,0,0,False,1
143984667,all_v2,已发布/公开,JavaScript匿名函数——三剑客初出茅庐，鏖战anonymous func,public,0,0,False,1
143984716,all_v2,已发布/公开,Webpack中的匿名函数艺术：模块打包与异步加载的隐秘力量,public,0,0,False,1
143984399,all_v2,已发布/公开,工欲善其事，必先利其器；爬虫路上，我用抓包,public,0,0,False,1
143956242,all_v2,已发布/公开,atob()为啥明明表示base64toASCII却叫atob？(2),public,0,0,False,1
143956079,all_v2,已发布/公开,atob()为啥明明表示base64toASCII却叫atob？(1),public,0,0,False,1
143955697,all_v2,已发布/公开,防盗链，防“盗链”非“防盗”链,public,0,0,False,1
143862845,all_v2,已发布/公开,科普：为什么电脑软件字体小？如何通过属性修改DPI解决？——电脑软件界面字太小「解决方案」,public,0,0,False,1
143652435,all_v2,已发布/粉丝可见,深入理解 URL 编码和 Base64 编码：从原理到实践,read_need_fans,1,0,False,1
143652248,all_v2,已发布/公开,md5等摘要算法的「撞库」与「加盐」（Ⅱ）,public,0,0,False,1
143652066,all_v2,已发布/公开,md5等摘要算法的「撞库」与「加盐」（Ⅰ）,public,0,0,False,1
143457067,all_v2,已发布/公开,人工智能如何改变未来生活：从医疗到日常的全面升级,public,0,0,False,1
143456902,all_v2,已发布/公开,大学新生入门编程的最佳选择：为什么我推荐Python？,public,0,0,False,1
143452019,all_v2,已发布/公开,数据库密码哈希存储,public,0,0,False,1
143451839,all_v2,已发布/公开,如何用 PHP + MySQL 实现用户登录与注册系统（附详细代码）,public,0,0,False,1
143418319,all_v2,已发布/公开,【解决方案】用git reset --hard重置了提交但是发现reset了一些本不该reset的内容，是不是寄了?,public,0,0,False,1
143417852,all_v2,已发布/公开,git add你真的用明白了吗？你还在无脑git add .?进入暂存区啥意思？,public,0,0,False,1
143417575,all_v2,已发布/公开,git commit应遵循的提交规范,public,0,0,False,1
143352337,all_v2,已发布/公开,被上传文件于后端的命名策略,public,0,0,False,1
143316888,all_v2,已发布/公开,前端上传的文件资源应该存在后端哪？,public,0,0,False,1
143285229,all_v2,已发布/公开,脱离文本流之后z-index失效,public,0,0,False,1
143277360,all_v2,已发布/公开,Intersection Observer 实现图片懒加载,public,0,0,False,1
143275961,all_v2,已发布/公开,前端实现回到顶部且平滑过渡 CSS/JS,public,0,0,False,1
142796416,all_v2,已发布/公开,error.ts:14 ElementPlusError: [ElPagination] 你使用了一些已被废弃的用法，请参考 el-pagination 的官方文档,public,0,0,False,1
142472479,all_v2,已发布/公开,FormData请求？有效载荷请求？——辨析,public,0,0,False,1
142407415,all_v2,已发布/公开,‘vite‘ 不是内部或外部命令，也不是可运行的程序或批处理文件。 —— 本地有vite环境但却跑不起项目？,public,0,0,False,1
142153761,all_v2,已发布/公开,localStorage的清除 —— 前端碎片,public,0,0,False,1
141940635,all_v2,已发布/公开,encodeURIComponent --js逆向常用函数,public,0,0,False,1
141906199,all_v2,已发布/公开,npm i安装依赖缓慢的外部原因 -- Install fail! Error: EISDIR？,public,0,0,False,1
141896339,all_v2,已发布/公开,npm install OR npm i ??,public,0,0,False,1
141531370,all_v2,已发布/公开,前端图片懒加载,public,0,0,False,1
141530746,all_v2,已发布/公开,repr(obj) -- 揭开对象真面目,public,0,0,False,1
141530219,all_v2,已发布/公开,response.??? -- 关于python requests库的返回数据,public,0,0,False,1
141365093,all_v2,已发布/公开,一篇搞定vue3基础（持续更新）,public,0,0,False,1
141352913,all_v2,已发布/公开,git远程托管/团队协作 --学习笔记（持续更新）,public,0,0,False,1
141297189,all_v2,已发布/公开,git的安装和基本使用--学习笔记,public,0,0,False,1
141292243,all_v2,已发布/公开,UnicodeDecodeError: ‘gbk‘ codec can‘t decode byte 0xaf...--web逆向execjs读取js文件报错,public,0,0,False,1
141220022,all_v2,已发布/公开,"｛“code“:“401“,“message“:“身份授权失败“...}--爬虫返回401真的是身份授权失败吗？",public,0,0,False,1
141069402,all_v2,已发布/公开,json.decoder.JSONDecodeError: Extra data--JS逆向AES加密算法解密后转python对象报错,public,0,0,False,1
140419632,all_v2,已发布/公开,bat批处理文件执行一闪而过问题,public,0,0,False,1
140419604,all_v2,已发布/公开,‘銆€銆€echo‘ 不是内部或外部命令，也不是可运行的程序-bat文件-Windows批命令执行失败,public,0,0,False,1
160289189,draft,草稿,docker中的容器一定要端口映射？我看未必。,public,0,0,False,2
160188266,draft,草稿,【无标题】,public,0,0,False,2
152520754,draft,草稿,【无标题】,public,0,0,False,2
151973721,draft,草稿,深入理解 DOM：Attribute 与 Property 的奥秘,public,0,0,False,2
151366439,draft,草稿,vscode中.py脚本写入文件成功但找不到,public,0,0,False,2
151147496,draft,草稿,命令行设置,public,0,0,False,2
151123282,draft,草稿,【无标题】,public,0,0,False,2
151072852,draft,草稿,"File “D:\Python310\lib\os.py“,line 225,in makedirs mkdir(name,mode) OSError:[winError 123]文件名、目录名...",public,0,0,False,2
148996941,draft,草稿,Windows 11 GIF录制解决方案,public,0,0,False,2
148997011,draft,草稿,前端必备：深入理解 encodeURIComponent() 和 decodeURIComponent(),public,0,0,False,2
148996932,draft,草稿,图片铺满容器的 CSS 实现方法,public,0,0,False,2
148996906,draft,草稿,CSS外边距塌陷现象,public,0,0,False,2
148996874,draft,草稿,CSS 变量（自定义属性）详解,public,0,0,False,2
147907441,draft,草稿,驻波与skypee病毒的故事..,public,0,0,False,2
146718918,draft,草稿,Python中简洁高效的列表去重方案,public,0,0,False,2
146581164,draft,草稿,word一键修改所有图片尺寸,public,0,0,False,2
146465568,draft,草稿,uniapp在微信开发者工具中允许必须有网络支持,public,0,0,False,2
146465386,draft,草稿,css内导入css和scss,public,0,0,False,2
146465312,draft,草稿,消除white-space,public,0,0,False,2
145425412,draft,草稿,前端摸鱼小天才的绝技：惰性函数,public,0,0,False,2
145372212,draft,草稿,JS中的Date()操作与易错点,public,0,0,False,2
145360540,draft,草稿,JS中对数组的操作哪些会改变原数组哪些不会？,public,0,0,False,2
144144268,draft,草稿,【无标题】,public,0,0,False,2
144144251,draft,草稿,【无标题】,public,0,0,False,2
144066075,draft,草稿,学习通文本框规范论文格式,public,0,0,False,2
143977368,draft,草稿,JavaScript匿名函数——三剑客初出茅庐，鏖战anonymous func,public,0,0,False,2
143419216,draft,草稿,git基础操作流程,public,0,0,False,2
143136005,draft,草稿,formData请求载荷的接口测试,public,0,0,False,2
143079230,draft,草稿,idea一直solving the dependencies,public,0,0,False,2
142835502,draft,草稿,父组件与子组件el-dialog之间的通信 -- 组件双向通信,public,0,0,False,2
142153946,draft,草稿,useRouter报错没有导出签名,public,0,0,False,2
141503911,draft,草稿,pycharm解决Unresolved function or method require(),public,0,0,False,2
141394583,draft,草稿,npm run dev保错,public,0,0,False,2
